7ry5Y9RlEKqTjWFa5KNplw==|2025-06-28T17:40:26.887134900Z,SS61QtGDVSYPDp0TBX1rspGtnAi3GjKhPyteXrAf6j7Fd9XT1Fayq35TiFswctsaGDJkpG9cpINc9sIcBpwGvOuxZ4rJiV1l3HXVWe25e+Gp6NY4saHY+tVESuI+Xsn/xpFFAcN8za2APnYLTRW02IhRndfHcWdL+4HB+/fhX6z8had7aqheyxVk4C+E51c5Tu6yHtJBXTY7qlIvj6khkWtw65VGAocADGeIWT3KYdCg25eFaaf3lnQ4xENJ70DoazouRDbJVLbret/CuIlpW0jXGqzDofdzlEzpyys8sObBnmA5Wl44jUuA69wpj5Yzn4kig14f6miVXfvcFczBUQ==,0
5Ob6lkNrAW+r8SliDEIUpA==|2025-06-28T17:42:36.763088300Z,PIUHUn+eNC6g0u5F9CoxmuY3EOsF/1nkRWw5YMXS/3K2h7FbYY9X/9PR+K6V8w4GMH8ukubMSFnLRxlV4Ja+mLgYSIM1oCkxYUDDRcWA6/rX6+Eh4P5vvu3bJiXWvclvKeFCgx8SDEmrBFDVd/sqLUSCYb0eE92cgJfZPSvI0m5CtjuuzA23REqF0IxOLqb8n3tdtwILk9ZDHUheI2eNQkZP4+/vtv+ba+GYC9qe+28FVRd0I5yiWYJXPF/BnPGR31+nKDJI1bz1zTedKId5uUHcKg/CSIg+maN4UOoYxQoQSvQX1K4Ot7XwgN9W7hDrW5kxCOP/o3bcBq7PejGHBg==,0
bSCS1bRlYxIy6pPqlBG1Gw==|2025-06-28T17:43:31.150319700Z,AAWg86Ej59n0HuGvCezTwx91a/Ivox0JOgr2XCc8YBbmYIa3B/vCfmGq+iTOI4h8k/R7FH0/2fqkEOm88P8ZocH3L2ACfh5C080sykBWeOvEpNgTBKXxpcYeSjjtsNC+zVUEWKbDAfHnZljVxAqkKzaEtdmpVptKrZAyTXf4nKR9G5GIiYE/xcnwDPqxOHChpW0P9co7GJADFvX4zL30Q3iFC43aiWgaNL+7YduIMZlpiLeEXBF3OSwWm8ITqHCjMQparIxKA0OR49IPEM3CeCJbIMnKbv64x8YCxo1vNAYsJOorHBGB0Gpc2RwGBq8SbFpVHVMX4hb9o0ac9Ekyow==,0
MCVnBRd1cwCB4ejWS3ELYg==|2025-06-28T17:55:32.769137300Z,ESuy+9VNIrgzIimgmx+fMHk3xVKHENSEbIstCl9DTd5YXLGgbhNQEDryCw5oV2Bb5qpfwLefJ3ab1IiYMgLvaYfcueYIrQa2MJYRs6Ngzl3+7gvhMgQm54yhXfPVN9rfz2gt0Hml10ehOGCOAtKIlj3AABuz1KyE81oHn/TvAVNVjNLwCst6PPdmELdxhNjAEKdQC4AC/cK6Er0lgiX/W1qNC5inU763yO4Mxo01GPI2TcDPY5oc6blq3djjzHTso9bZpOYq114WeC+OekAxtu7XSzZtSjNJjt+YRxF18qaetuSY0D3B0uW5Qpb8hYUwV/a2Mdp4gXHpF+vwRJlU6w==,0
1RFEaUXcHK6lRvEHmDCZtg==|2025-06-28T23:28:47.262178900+05:30[Asia/Colombo],ELVwar4YP9w1rcfpO5uk/SGooayxu+7h1ZRTlXSUAQoKr9FnnduMgmFzdoEDjsa6bBqzxOk9vXXo+qzJTKRwH5kB2nr7ZX7dRxvkW7SjOoIHGDaP/VOgzMN4Wh1hCZb/eouo88UOnFYrrFne/MPmDa8O8jfaUbJB+/eF7Bb2KrTsd63d08YACKBq2hKbwYt2b/yj8q1/jDH38D7f6N1xZ9Sj1O0VBItFEZPiLLDtc0vhXm/bkXFWiENZ8F6vOReQ20Gpjx3XDPyWJBeFVY4SB0NJluL/+hX3I4fti4srjO+HfRoEYmd8B9+M/z0Gg9SPtY13FJfGZx6cSd1OzoMG2Q==,0
HVGDB+ckNeFfylaIZ0lvKg==|2025-06-28T23:37:15.250234600+05:30[Asia/Colombo],V6HOghqNYF/Aet5x4xdSrsg8r1UwBKrksuweOMG5GTTKuZ842VtSV7hTrpzZWzCSrBahclkiYbNyYlf12Q2rVg7TaRuNfYL2AbufDU1QwEzFBE3v5pcTGfOkFboJQwzF+02amcJYH21ez5aBokCfrMDrqp/VLVR8WYUr55lHbvckCPu/v5B97GWS8KOTFmOfHWB6PG27eSfodKWEc2rwfStWS6OMycuL6xPtSNvjmPo9+n2h2oUkKCy6rMyAxLUINLGBVl2RND7m4lHuPwbgjl7mhl6MJREPFn7CcOaTZgOul9vxJ03mvfMxPbyLYOIZl6dwXGR5+O/qWT1xXkb2WA==,0
apxcdrLfepKlaKJfDNa2gw==|2025-06-28T23:39:44.649862+05:30[Asia/Colombo],jbXZ8CrQkY1OPthnb4Aif44FG/ZJXQgYRl+U5IP/yKJMpeY4Lax0clI8DfVqLVL8uJEwpQBD4NJy16kzjf3eOH8oKXZTJ2QQrjxSlQSd90A1YzrMYcEHJzoJuMUkv+DpPXRBnTXpKPvmUEvdfL6jnyT+TtdY3P0xRSP7rCz8ZvnPPapwLSwrUYYKjBkbQ1pTgTT9nVa7rjAUdHxyJFh5HBpk0LdLua+GQDt92grIl5Zp3qsJGQZlNqzi5GsRjUoLXk4dBVYOX1Mm43SmPCYXsGefifTAjBLWYVU5jjp7LiB+7OXbqD+3D+ioBu11smreazFiKko4XCn2veMZXXbV1w==,0
kuuNcgl2iWYqmSqr2mpiyg==|2025-06-28T23:41:47.480350400+05:30[Asia/Colombo],YzKPuecYgdqQavPe1mshwUYfYNqayUSXDY/CP9wQ1sUYOU9vcqSvzehlBhU0m/j+0f/fiDbOsC6sQjvnrUGxGP0aStM9755aDQ+b1mg/esfPZFBmnGbO+YI5I+jjfsb11kUfhJ9aKP+4lZFaCUicCStEF3lAdesFsJsoIRlEXH29chWdbU63KwvPNY34YzFPEEqLHfyBLjpLU8qcwtIXKXGJe0vr4mBJ3oIOBRnIPqw7HrTqDY7Zh6z5zUHXkqntbLGzZ7etqlMvSZfGMTxO5xKsJARoxz3YW3tdfRUOFIK2aumPu6oXa0N6hasOqzqEWMKKVCFjUP9KpX+ln5pIkA==,0
Tjs+xoB4JsEfP7NjGfYddQ==|2025-06-29T23:07:05.902442600+05:30[Asia/Colombo],UHC+Yr3P8jMDORsQ4eIqMdw0Iesta7+fFL/Lglv72USQ3YFIyTB7oum3zSo3Uk8BEBEFmWPmiV1wnruomVxuHSeysaeEmYm11+OMvO/S7We9IeKhg9hoTZov3svyvei5AD4rdMS4vwGoxYBNkcpoMV+y39xkcdQVDyT08e9AeF0BXUNjiZSEMjdRnYb/ZiTsm54x+GmqioaPXo02l4cRO4nHhqZXld1D60zDxgrvJ3R+YxzQB0NXbv8w3lqDkiUL7/Q9XpHU5QiRA+DBu1Ts2ffvXwpJvbXdDlH5GE4BslQAH01oemzjaQExFuPWqo8edXKxAJghf3RJWOUyNHphew==,0
KYAGfdMU95/H77/bFE6mhA==|2025-06-29T23:18:55.854540800+05:30[Asia/Colombo],kl0/TBf++XP4IZCIuYSFzOvMLhRNbiU/WaIoghqzcfz1AkBMbDQUvo5ulZxhIgTob4SUVMgmOZop9cxH4TeefEoWqq0ZH81JCAGt6ojhYz1AQ/HStncBWXTXKM/UV779a0xPq8yZLGvbjEVjAF2DZK4QarFtDp91PXCyLenEjgDLlN0PdrMYYAl5EMDIkhDyCylOfbrgaN5xO4Vd4MXwNtNeJN2IJggV/XkGu11JSDB5SjyQ4oIBmd+tOI+P5NAFUPcNp7m5I63oeA4XTZFRX8/Yh/FNspZQr+al/2HfIWupYAU8sqIj6D1yh83dMPOuHduxhDeIKGYIrlXiQJBPNg==,0
6AHywbcBVB6WYVMUUyyiWA==|2025-06-29T23:22:26.906701700+05:30[Asia/Colombo],QDIQIUXpsmOWmhw2i7CjjYnTyufzOufRpA7WlAIrM02GFcYTEWSCa1REZlmExJfImgDYNxeyWpZEmCn9eBxcN+md+dQRx7wr/OM7XPkNoL9opKXL87tb1dtIOdV2X/txZz1Btg2sBXD3K3F/Jjz6+hIPK4PpwLh+T/A8Redl5pVmUtE0+oVatdeyy0PMcX0kOrut1plI6USiAbyGnqV0ZtOJ8FB7493lyHo/sRUmVNccuFyrzDW+P/5gFoLaFpfZRSHw8FsyzFJQuTQfCEAb7gCsMl9QCYMhEE1W0HkZO+bnUIKibtY2FM5UZgOWLpS1BRMgdDSRF/ofrf5neN8TZA==,0
Zje1lfDWkcnv9sWKR2xwfA==|2025-06-29T23:22:49.362938500+05:30[Asia/Colombo],is7oIzcGhfacO8ZfzMKixioW7hWICQewIfGtiJciRudnel/td15pu1dJ9w7Zt1mFSk5Nj//nq4h2q+ndt6JXLgJr482ZlIiF0V2duspilYq6JiWlExfiFCR6/1LbGh8PyJI8Hedptz/uPnALgfp/XJq6m3Xe6yhxu7FGM3C2Caxe859YgjQrEIlBlrk0DIOLB+LfsDVBEQkHlc2v6+l5BNd6F8jxdpqw3NYXgRIu2XwWEHODL32EDB6hUQ34So5X++sFp39/Snhlz92+/NGEvJJqS2znGtKCPe3g1h10ZM9h6KFRq30RFdPJUxv1/nlazgp40FemvPy0cJ2Ii/RH/Q==,0
tEcfDQEMblIKcg9fk+Uvsw==|2025-06-29T23:25:49.212153100+05:30[Asia/Colombo],EWgu919JcVh3VLVMV4Ki15+T97ixxmglL58mSnYnVZooe+xd6w4V+LG5Uu/1dxyC/d2VSUqlFlbYnJCRdr9A2nhlvkc+uUgu+mRg2/lkYVfTtN0cLVcCZjfUPQ3tlDc4KNnkfJc8tA8SliF5Ss7iFnh99ok2jabs1F4/TqGPpX4MpVq3dQ1nXCl+9wTmP5wRZrPQQPyUjCCGvY8eOhlLZ5VpwkCqAN/YbUvEazP7vVMvmsNm695KonjF7Lpus/TUokv3CggtexIZmj6uRUM9wSBwQY5TpOU4WH66N5mbfYdGWJ3q3ak4a8lGPtVFIZqCc2REf2ufeOmI2md1pY6HVg==,0
0OyE8z6NBG5JhNeG/Amo3Q==|2025-06-29T23:27:11.219152200+05:30[Asia/Colombo],EN0+YpctgXM/FRJAXT9HyfjrR3ojLFRtQCZRummQ2D7jP09msdQQoJ5HOSruJAF0g362YYosf5WXr+bPeSaZlLyyp80YNMPXZoN07ugrkYTz8X8+PSsQETIuv/Ur/kApZdpajPpIbpyLR3gJX7KSDUq8jy94u2wg5+5o7c6jf85bD3IeT7V47g/UJXRBxMk0JtYcJrRFVSAfFG0Dq7PUSyI0R8NwUWHbAZvYcbRP9jkmYePXk4ofdPvmOcC8CopM7RSjU4lP6eXDoFnaVwrPvrnvnInmEH1aWI6uz1CdJWZbcYl5l6/z9taUBhqtRPBal7aTsA+B04X5L7oCKidayg==,0
